{"cameraMode":{"drawMode":0,"name":"Shaded","section":"Shading Mode"},"sceneLighting":true,"audioPlay":false,"sceneViewState":{"m_AlwaysRefresh":false,"showFog":true,"showSkybox":true,"showFlares":true,"showImageEffects":true,"showParticleSystems":true,"showVisualEffectGraphs":true,"m_FxEnabled":true},"in2DMode":false,"pivot":{"x":0.27040594816207888,"y":-2.7341673374176027,"z":-36.54339599609375},"rotation":{"x":0.027049560099840165,"y":-0.9672254920005798,"z":0.22381722927093507,"w":0.11692029237747193},"size":0.6708935499191284,"orthographic":false}